{
  "p": 2.7580148298346713e-08,
  "z": 5.4338197694284665
}
