{
  "p": 2.7748724429343952e-08,
  "z": 5.432732896776445
}
